"","X","Y","presence","pca_1","pca_2","pca_3","pca_4","pca_5","pca_6","PCNM1","PCNM2","PCNM3","PCNM4","PCNM5","PCNM6","PCNM7","PCNM8","PCNM9","PCNM10","PCNM11","PCNM12","PCNM13","PCNM14"
"Simulans 395",-96.7133389999834,29.8608749991442,0,3.92064666748047,-0.522889316082001,-0.455424308776855,0.111593954265118,0.146235749125481,-0.275843143463135,0.093456764692179,0.0363957130443615,-0.362851575842751,0.00656632104289334,0.0990075535009836,-0.0162106793553928,-0.0641558579218809,0.00471984047922118,-0.0233197116135175,-0.00558847342286772,0.294450711783715,0.191912208510342,-0.0193029792093261,0.0205327911898896
"Simulans 396",-96.8974589999825,29.8856079991439,0,3.59863424301147,-0.19973748922348,-0.238372445106506,0.271264016628265,-0.154843643307686,-0.0441496595740318,0.0934460094485003,0.0364431233817388,-0.363809552905359,0.00703108718964715,0.0990761254996821,-0.0162923952883087,-0.0636447037638045,0.00495650109841616,-0.0246386822203073,-0.00558624916868872,0.288636275264055,0.18854078870403,-0.018974083688034,0.0237422648547944
"Simulans 398",-98.1558999999764,30.2689799991373,0,-0.525597333908081,-0.922186672687531,-0.0865008682012558,0.971810817718506,-2.19050025939941,0.0222288183867931,-0.156987041443664,-0.00655126473495179,0.0692610285915955,-0.119624293759987,0.0885118452142189,-0.0359877417362113,0.0217861849969018,0.00753016173332,-0.0906340433879477,-0.0683908562431964,0.106724252838044,-0.0987073033911343,0.000568369371195435,-0.0499862323758825
"Simulans 399",-98.1476209999763,30.3209919991363,0,0.557088732719421,-0.181905463337898,-0.166915163397789,-0.339666128158569,-0.376402795314789,-0.0775454193353653,-0.155954205911711,-0.00773275507302143,0.0694907927015653,-0.092918402617315,0.0674935298257359,-0.0125185116736899,-0.161877143168233,0.00232758977492358,-0.103988590701719,-0.0520653501559965,-0.0441810881698409,0.107299391147956,-0.0017266646722307,0.0292427475903757
"Simulans 403",-98.1478449999763,30.3548159991356,0,0.440187335014343,0.0800321623682976,0.049132663756609,0.147980138659477,0.193629071116447,-0.102755151689053,-0.150171928491039,-0.0114480396791596,0.0676675951344091,-0.118446433510674,0.0533025352741682,0.0842835524603252,-0.168102958855569,0.0528722258196898,-0.100533169530181,0.284628646746079,-0.0209988589040959,0.0113493481632811,-0.00861188938797762,0.024022337606968
"Simulans 408",-98.1652589999764,30.2276539991382,0,-0.0278672128915787,-0.837535381317139,-0.622188091278076,0.363798201084137,-1.55706512928009,-0.00655106129124761,-0.157091979091807,-0.00654784516054039,0.0690826951208852,-0.11944503658928,0.0884689769578165,-0.0363011218069786,0.0251648143277627,0.00777893178069881,-0.0918380662433842,-0.0680048396273956,0.106803726718997,-0.0991027998744983,0.000595925159034263,-0.0497627955083497
"Simulans 409",-98.1559039999764,30.2689789991373,0,-0.525597333908081,-0.922186672687531,-0.0865008682012558,0.971810817718506,-2.19050025939941,0.0222288183867931,-0.156987008147185,-0.00655125942205559,0.0692610427958906,-0.119624428954528,0.0885119462950259,-0.0359877777585106,0.0217862841605264,0.00753018679757441,-0.0906342391866199,-0.0683908594864779,0.106724328421744,-0.0987073202379871,0.000568375728253701,-0.0499863587537815
"Simulans 410",-98.1727419999764,30.2353659991381,0,-0.982448101043701,-1.0004369020462,0.0694233179092407,2.48675274848938,-1.69019436836243,-0.030561925843358,-0.156984597292596,-0.00653567707966439,0.0691612394501519,-0.119819833337768,0.0887267770301344,-0.0363121920275923,0.0245768256122986,0.00777908530957374,-0.0920210339540652,-0.0681076149780418,0.106969075388902,-0.0990467050830577,0.000604727035939862,-0.0501269160403686
"Simulans 411",-97.9398449999775,30.1980459991386,0,0.355070501565933,-0.779193341732025,0.0312554240226746,0.718954980373383,-1.61529731750488,-0.0391841568052769,-0.160031369301073,-0.0112607696724994,0.0469068300191338,0.0678727124731165,-0.0599767555542032,0.0172201433330236,-0.0561370095386714,-0.0120031964381877,0.0580192705887901,0.00978010038156404,0.0392570142556423,0.163343292962449,-0.00584189169493821,-0.0614466903144994
"Simulans 415",-98.102257999977,30.0590279991416,0,0.35578989982605,-0.890187084674835,-0.217668756842613,0.776945650577545,-2.11781477928162,0.0380456708371639,-0.159847603119474,-0.00989924711110551,0.0466377778229366,0.0382252212450975,-0.0367506782734215,-0.007719478908618,0.137727832229143,-0.00574429575875965,0.0649710090925363,-0.00551118908554501,0.195050048567097,-0.044488679992795,-0.00327914615957996,-0.146649855455817
"Simulans 419",-98.9400244599742,29.5484899791532,0,-0.472767770290375,0.43961974978447,1.43712306022644,0.859336316585541,-2.39143013954163,0.0605033785104752,0.0794907252234791,0.0192849467904423,-0.0350819635789616,-0.155728190412291,0.0869542714409151,-0.043303721108873,0.278102201044624,-0.0556356325688698,0.615825325374155,0.0303095219764494,-0.104438296974593,0.0786753359041686,-0.0315983187380941,-0.104056062388988
"Simulans 421",-99.3364989999715,30.0720029991429,0,-2.51094484329224,0.265245378017426,-0.285953640937805,0.646357536315918,-2.60681819915771,0.378003686666489,0.0827054987919097,0.021447095033003,-0.0134964531097939,-0.285636004846066,0.191169060635858,-0.0488909403387178,-0.0161140826195732,-0.0462650573088273,0.435186143194118,-0.0151073670239838,-0.362794367044783,0.243222454577173,-0.029747298159945,0.0971245205319234
"Simulans 423",-96.9651639999821,30.0153249991413,0,3.23367810249329,-0.533448994159698,-0.0795211419463158,0.0461156256496906,0.33589106798172,-0.289566844701767,0.0559365440034422,0.0345754858518861,-0.412898045814505,0.087544811651065,0.0653756044190938,-0.00222733332968388,-0.185581577548305,-0.00901132815062123,0.108682535770199,-0.0971121628808976,-0.0736593912155494,-0.415433640243045,0.00824864926194374,-0.342292837261862
"Simulans 445",-96.9781499999793,32.2165349990979,0,0.78777551651001,-1.44059634208679,-1.67606484889984,-0.59870457649231,0.822755873203278,-0.175100177526474,0.143844967053221,-0.197387005360341,0.0823756798287369,0.115889687719478,0.0375819605866221,-0.290745996625843,-0.0461679680385236,0.09397532318663,0.014931784552261,0.205249678389963,0.0153090016135789,-0.0381047887871221,0.165914422688675,-0.00482023307727368
"Simulans 446",-96.9557769999798,31.9023069991039,0,1.08659195899963,-0.774996042251587,-1.15200567245483,-0.152883023023605,2.03531455993652,-0.325799107551575,0.115585513851859,-0.0965425286012225,0.0157316840103081,-0.0370767976524584,-0.158937916482486,-0.248202930147799,-0.0396211042908743,0.540195492180465,0.0654815455043551,-0.0386823206612699,0.00543006464092323,0.0275785207535338,0.197049633854203,0.00346298506751479
"Simulans 448",-97.8081169999777,30.419134999134,0,0.991609573364258,-0.392015546560287,0.110850483179092,0.197900101542473,-0.389012515544891,-0.0744071677327156,-0.149852509245152,-0.0107349822567698,0.0522891478283114,0.0611924848470122,-0.0603000047540777,0.0260511370655175,-0.154116908164972,-0.030981168282349,0.199089770162477,-0.0420142695529901,0.162963907213261,-0.0651924278231241,-0.00561841236688092,0.482538439380942
"Simulans 240",-97.302512,32.68129,1,0.215767025947571,-1.46257710456848,-1.21996021270752,-0.646775364875793,0.706161975860596,-0.099551297724247,0.125460873250715,-0.15215595254649,0.0651684170868163,0.117415929707643,0.102736152436834,-0.238564712095312,-0.0338868851563411,-0.290691916372507,0.00277530172568624,0.362628508083286,0.0286409266128958,-0.0582719799622962,0.0821754450730989,-0.0126439202383766
"Simulans 269",-97.80662,32.253814,1,-0.824957609176636,-0.490134030580521,-1.41624546051025,-0.629020512104034,0.914340257644653,-0.151862591505051,0.154684814269739,-0.232503713807425,0.10371703032467,0.15525582293365,0.119943124111892,-0.0223090874489259,-0.0032555626050027,-0.195696723181028,-0.0497270086615404,-0.0358237532500829,-0.0114618129898102,-0.00377923917781658,-0.0781391299740087,0.00369904004970948
"Simulans 271",-97.744938,32.2384,1,-0.381446272134781,-0.271692365407944,-1.37371277809143,-1.34648144245148,1.32023310661316,0.158330336213112,0.154866701985289,-0.233034855802067,0.103990095380945,0.155620467035659,0.119764932502728,-0.0244179720449094,-0.00363663811922172,-0.194552688722874,-0.0496957156519682,-0.0331089156023966,-0.0112903835167335,-0.0046544961577164,-0.076669766827201,0.00355361067420377
"Simulans 272",-97.745,32.238333,1,-0.381446272134781,-0.271692365407944,-1.37371277809143,-1.34648144245148,1.32023310661316,0.158330336213112,0.154866722591624,-0.233034907201929,0.1039900852561,0.155620214264866,0.119764836819776,-0.0244142769655148,-0.00363607452979191,-0.194551129608477,-0.0496961561319222,-0.0331149416113133,-0.0112909248664093,-0.00465342435292074,-0.0766734783630795,0.00355397379594508
"Simulans 275",-98.20327,32.214183,1,-1.09996223449707,-1.43523955345154,-1.61178719997406,-0.184714391827583,0.276124238967896,-0.0304300431162119,0.13494051793133,-0.16882236701116,0.0662627395385952,0.0848723837375787,0.10146398490861,0.313878753539704,0.0506272329332185,-0.0706096153310127,-0.0289155543015576,-0.387714242166452,-0.0286562611296279,0.0830776451070278,0.0103552250835174,0.00719227690093573
"Simulans 276",-97.118592,32.03438,1,0.791531622409821,-0.877625048160553,-1.53264737129211,-0.971435844898224,1.19456934928894,-0.276701927185059,0.152331558955033,-0.207878582115512,0.0797710177141691,0.0795879038323455,-0.0549144446349457,-0.327968299805776,-0.0526849205089288,0.161834772373156,-0.00670165439560768,0.103823651227574,0.00199124360800823,-0.0267013079305093,0.00883025019772195,0.00108693710061658
"Simulans 279",-97.580652,31.780708,1,0.0106800394132733,-0.676290154457092,-1.6221889257431,-0.906488239765167,0.952306926250458,-0.137751936912537,0.175730966185756,-0.246793487665547,0.0858309257351826,0.0330200053667627,-0.119505323395336,0.0741272108540106,0.00246443527188106,0.303291802881139,-0.0454932593977248,-0.24873675531266,-0.028147628345855,-0.00152926871139281,-0.144946698284318,0.00201090895300705
"Simulans 280",-98.1033,31.728383,1,-1.51076638698578,-0.663661122322083,-1.50638771057129,-0.582349717617035,0.190720438957214,0.00394463771954179,0.140408585665639,-0.17180587785199,0.0634646014119654,0.0568488634897233,0.0836635607602626,0.419382013329737,0.046733499529724,-0.00158040860908753,-0.0237413053047838,-0.0439320339778636,-0.00538866454743984,-0.0152943685486343,0.0261518650387785,0.0014056165356581
"Simulans 285",-98.159852,31.556475,1,-1.60443997383118,-0.492561817169189,-1.41800940036774,-0.520338296890259,-0.228905886411667,0.0339249409735203,0.111278962133177,-0.0797217602349991,0.01015004182999,-0.0371382094192629,0.00269168080511458,0.438222207434765,0.0493596955192133,0.253083672475414,0.050496789772426,0.0283452036709642,0.0163737291698133,-0.0093384474700108,0.319429308786835,-0.0137260872420515
"Simulans 288",-97.203255,31.452592,1,0.95289808511734,-0.69552618265152,-1.20047831535339,-0.514296770095825,0.844713568687439,-0.155571594834328,0.126421088458142,-0.0661023966975773,-0.0207784702173883,-0.186630498896387,-0.411165302563574,-0.146701508830301,-0.0222154603825147,0.144452992464997,-0.0409901420169384,-0.166686969795001,-0.0202295086931172,0.0137765133480934,-0.117010839650621,0.00384284256398438
"Simulans 291",-97.409797,31.141025,1,0.559187412261963,-0.937120795249939,-1.12709105014801,-0.224065020680428,-0.148385554552078,-0.118417739868164,0.115009565914684,-0.0288742328322066,-0.039620091940087,-0.22167255569407,-0.378982568794408,0.102191758699707,0.00070520773562948,-0.121826343226554,-0.0682307338374712,0.143450358076312,-0.00192421195109671,-0.0840031465918282,-0.379516300438803,-0.00694672961754458
"Simulans 294",-98.173311,31.068959,1,-1.11502194404602,-0.0814233347773552,-1.14114713668823,-0.136874824762344,-0.105203352868557,0.00221464317291975,0.0893722852369686,-0.0292977780787064,-0.0116702856832896,-0.128252002820277,-0.0663522304660355,0.379674861556581,-0.0161060085639052,0.119331971808645,0.00537136126927838,0.622613165859567,0.0375429613296888,-0.127552732774537,-0.00564099701368806,-0.00319379388709956
"Simulans 296",-97.101843,31.013393,1,2.2503490447998,-0.34364902973175,-0.303317308425903,-0.40172490477562,0.985397696495056,-0.405710846185684,0.0987434782246893,0.00706448532733243,-0.0521693153078942,-0.203441873225604,-0.338790709800073,-0.0146837901399333,0.0047980929170218,-0.308352516540282,-0.049284188633376,-0.062575749407107,-0.00766614840723007,0.0140963607444076,-0.173935594278733,-0.00513646359431179
"Simulans 298",-96.933288,30.929762,1,2.92488861083984,0.238544687628746,-0.0590893812477589,-0.55929571390152,1.33497023582458,-0.406252056360245,0.106944596944653,0.045402809895531,-0.0332885742181041,-0.189290906684197,-0.347703429053851,-0.0168082879893856,0.00282365825170885,-0.35931216760775,-0.0767103080755056,-0.0923845893056348,-0.0157744408010148,0.0139051154002564,0.498489903447977,0.00766939907170738
"Simulans 300",-96.285,30.726667,1,4.10322618484497,-0.475150495767593,-0.331178784370422,0.165976241230965,0.662319719791412,-0.32948249578476,0.135565601654786,0.292070831023952,0.110505387897425,0.0645647557262794,-0.0526171754425891,-0.00889102985630165,-0.0070050635447826,-0.116951003393907,-0.0573943130369599,-0.0542228819952771,-0.0137950861200603,-0.00137681364244066,0.526357698730677,0.00934453360283808
"Simulans 309",-96.1846,30.588,1,4.57125234603882,-0.514519691467285,-0.503828763961792,0.553971230983734,1.51116371154785,0.810156643390656,0.129130146078064,0.287192389289644,0.116696744169073,0.102790443567195,0.0252241567470935,-0.00454912645420933,-0.00790812004388728,0.0395831738398821,-0.0198561774698511,-0.00311837796118854,-0.00435069038874202,-0.0122391878105403,-0.104597812486631,-0.0011538266675698
"Simulans 314",-96.223333,30.53,1,4.16486120223999,-1.156583070755,-0.229411959648132,0.215413004159927,0.363610595464706,-0.389986157417297,0.129134201222034,0.287213623908315,0.116710556098293,0.102817081750452,0.0252604788715051,-0.00454769318737486,-0.00791002983124678,0.0397222893536936,-0.019826954428127,-0.0030657747348433,-0.00434145578129989,-0.0122604551855523,-0.10618223209399,-0.00118191142186787
"Simulans 315",-96.1971,30.5136,1,4.31374073028564,-0.648562669754028,-0.535338521003723,0.369840800762177,0.657577633857727,-0.347684413194656,0.129125003203222,0.287172260660682,0.116690462740919,0.102804320351755,0.0252757869432561,-0.00454502159296994,-0.00790782297276184,0.0397873314215929,-0.0197936186224604,-0.00302911303779536,-0.00433161301545796,-0.0122605568106742,-0.107014811943195,-0.00119777562305749
"Simulans 316",-96.1971,30.5136,1,4.31374073028564,-0.648562669754028,-0.535338521003723,0.369840800762177,0.657577633857727,-0.347684413194656,0.129125003203222,0.287172260660682,0.116690462740919,0.102804320351755,0.0252757869432561,-0.00454502159296994,-0.00790782297276186,0.0397873314215928,-0.0197936186224604,-0.00302911303779526,-0.00433161301545787,-0.0122605568106742,-0.107014811943195,-0.00119777562305743
"Simulans 317",-96.1971,30.5136,1,4.31374073028564,-0.648562669754028,-0.535338521003723,0.369840800762177,0.657577633857727,-0.347684413194656,0.129125003203222,0.287172260660682,0.116690462740919,0.102804320351755,0.025275786943256,-0.00454502159296996,-0.00790782297276185,0.0397873314215929,-0.0197936186224604,-0.00302911303779534,-0.00433161301545769,-0.0122605568106742,-0.107014811943195,-0.00119777562305755
"Simulans 318",-96.1971,30.5136,1,4.31374073028564,-0.648562669754028,-0.535338521003723,0.369840800762177,0.657577633857727,-0.347684413194656,0.129125003203222,0.287172260660682,0.116690462740919,0.102804320351755,0.0252757869432561,-0.0045450215929699,-0.00790782297276181,0.0397873314215928,-0.0197936186224605,-0.00302911303779525,-0.00433161301545787,-0.0122605568106742,-0.107014811943195,-0.00119777562305747
"Simulans 320",-98.823028,30.507202,1,-2.38448238372803,-0.622106969356537,0.331787258386612,0.225227251648903,-2.5172164440155,0.0256067849695683,0.0197210722020532,0.0130749677345205,0.0633554361806713,-0.396381121218678,0.281538751552376,-0.0572996432209784,-0.172940105815578,0.0165464938526428,-0.16396998878308,-0.0560700424482755,-0.0772813802384835,-0.0375018561694563,0.00165798721043746,0.0385522857405781
"Simulans 321",-98.822801,30.506875,1,-2.38448238372803,-0.622106969356537,0.331787258386612,0.225227251648903,-2.5172164440155,0.0256067849695683,0.0197183699977033,0.0130747292248428,0.063358744068285,-0.396388472786574,0.281544466534758,-0.0573009288154545,-0.172943008420043,0.0165478763705931,-0.163980288388571,-0.0560724016840953,-0.0772733330514135,-0.0375102636099964,0.00165706214188791,0.0385437410542295
"Simulans 336",-97.891019,30.334919,1,0.984218299388885,-0.311595797538757,0.854517102241516,-0.131918728351593,-0.634965598583221,-0.0528777576982975,-0.159238301018026,-0.0112092003617436,0.0471464107649709,0.0673901530715294,-0.0599571815857475,0.017844437071458,-0.062260813823425,-0.0128433609376985,0.063699130525862,0.00837921670129797,0.0428380222750701,0.159167434033869,-0.00577342775274165,-0.0638526211922165
"Simulans 338",-97.676667,30.323333,1,1.49271464347839,-0.230368256568909,0.852299809455872,-0.237775281071663,-0.431612104177475,-0.0429578758776188,-0.146412391667671,-0.00626321267759837,-0.0176273883905126,0.0802216093348872,-0.0470391121297017,0.0254353362458133,-0.20565057827526,-0.034911232081485,0.252966773291022,-0.0949208582093589,0.113647909509281,-0.378532540585427,0.00480285836331798,0.039126599450037
"Simulans 340",-97.810333,30.276833,1,1.05489027500153,-0.343051970005035,0.529234111309052,-0.0580278970301151,-0.859099507331848,-0.136037990450859,-0.159416769489314,-0.0112081327762129,0.0464830528809653,0.0686499211489955,-0.0606738160302489,0.0177889453010937,-0.0603140524869564,-0.0128106085316561,0.0638345668523085,0.00854690723443592,0.0388212843637446,0.158824253529419,-0.00565273894592475,-0.05812839914409
"Simulans 341",-97.804893,30.270388,1,1.19627165794373,0.0540021881461143,0.214135929942131,-0.173020035028458,-0.547531366348267,-0.076440192759037,-0.159426759421746,-0.0112072251778068,0.0464240643879288,0.0687461104089357,-0.0607247210593378,0.0177747980809219,-0.0600716940480385,-0.0127960916744568,0.063762849903279,0.00858203281655922,0.0384612122780079,0.158851578711928,-0.00564120602404434,-0.0576531558187987
"Simulans 342",-97.933333,30.25,1,0.359650462865829,-1.03054511547089,0.218022271990776,0.817306816577911,-1.45373487472534,0.00465981615707278,-0.159869311509566,-0.0112563740704812,0.0471021835025994,0.0676205342401581,-0.0599178523440999,0.0174382608987286,-0.0584148799205769,-0.0122813740325802,0.0598641579098533,0.00928489126198989,0.0409182129881567,0.162069299891783,-0.0058597783286846,-0.0629388007158289
"Simulans 343",-97.891769,30.237192,1,0.310938358306885,-0.637760698795319,0.193735435605049,1.27082347869873,-0.973183214664459,-0.087430901825428,-0.159891537101007,-0.0112528188158377,0.0468303895240835,0.0681550652587553,-0.0602473690487158,0.0174760544479915,-0.058142828570862,-0.0123495992822538,0.0604888614484418,0.00921962089437519,0.0394473794001145,0.161507994369075,-0.00580236702239539,-0.0605767362571036
"Simulans 344",-97.905067,30.22587,1,0.31141921877861,-0.573780655860901,0.0537046007812023,1.29069113731384,-0.985765814781189,-0.0832534357905388,-0.159950341013807,-0.0112569808278727,0.0468551887929138,0.0680887477188265,-0.0601785737369288,0.0174042450777054,-0.0575714276038119,-0.0122509647404901,0.0597883017533703,0.00937692980362771,0.039378195027743,0.162035852198925,-0.00581709226492356,-0.0608034601806956
"Simulans 345",-97.653255,30.21809,1,2.87178158760071,0.809072315692902,0.890545547008514,-0.38371753692627,2.82011795043945,21.1639862060547,-0.153219092613178,-0.00240387599453888,-0.0952467660161928,0.110176623654314,-0.0345620964839914,0.00968329021956176,-0.0710071072582898,0.000706382304431844,0.00782511502423376,-0.0245215850587936,-0.239852699134122,-0.142428532072226,0.00573320469667259,-0.102878573007895
"Simulans 347",-97.698067,30.203797,1,1.87754094600677,0.523034691810608,0.806424975395203,-0.757208287715912,0.287940889596939,-0.257638812065125,-0.153759008951185,-0.00248570154699545,-0.0944843119990909,0.109871283366458,-0.0344794817043141,0.00956528291677645,-0.0699518711617748,0.00093150712263387,0.00602995253718112,-0.0239830058995727,-0.238756478888061,-0.139287910099084,0.00552972665084282,-0.102454908409032
"Simulans 348",-97.702001,30.203586,1,1.86336994171143,0.458072632551193,0.826338171958923,-0.73297393321991,0.247173935174942,-0.256162345409393,-0.153800315499575,-0.00249355000927666,-0.0943957460046825,0.109830892519756,-0.0344725015335597,0.00956030360549103,-0.0699072305433139,0.000943029769416165,0.00592330557490218,-0.0239446915804561,-0.238578084565913,-0.139017406064893,0.00551124187165855,-0.102496309211045
"Simulans 364",-96.5285,29.7852,1,4.23555374145508,-0.996540904045105,-0.526535451412201,0.210839569568634,0.104428686201572,-0.355283588171005,0.0933032272810758,0.0361869442169346,-0.359630438358187,0.00581661210046513,0.0982772351020653,-0.0160021652794292,-0.0639177328378182,0.00440356272966259,-0.0217995352799817,-0.00510477694704588,0.297838945351027,0.195071128651015,-0.0192174117814905,0.0193950459378093
"Simulans 366",-97.7627,29.7447,1,1.96025669574738,0.589866518974304,0.541488707065582,-0.223943680524826,-0.191134095191956,-0.1845513433218,-0.153369810002221,-0.00497129573716223,-0.0317863087737268,0.0650238914945322,-0.0254585926213018,-0.0162552949522365,0.19328801161178,0.0129115819442139,-0.0519215011040833,0.0176658395001847,-0.0628167629062578,-0.0303040880207644,-0.000850118698515531,0.304548790030532
"Simulans 367",-97.8967,29.7353,1,1.95214450359344,0.691377341747284,0.660475790500641,-0.330398827791214,-0.361358523368835,-0.196874588727951,-0.153753120183103,-0.005052694335331,-0.0300793053415238,0.0630058090499053,-0.0244129550640102,-0.0168172944154274,0.196720643903212,0.0132248266814792,-0.0538660413092858,0.017768478794401,-0.0543721494073048,-0.0306084446367679,-0.00104160336648147,0.291804890299841
"Simulans 368",-97.884353,29.731719,1,1.84896743297577,0.851093053817749,0.703943431377411,0.207089215517044,-0.0935052707791328,-0.142087936401367,-0.153639993233073,-0.00503439739605415,-0.0303066835200169,0.0631754035844143,-0.0244832648246771,-0.0167972357958708,0.196689401467945,0.0132231708569196,-0.0538529085049819,0.0178104671909237,-0.0553327631999189,-0.0305898115029633,-0.00100098617090276,0.293248876781619
"Simulans 369",-98.098258,29.694078,1,1.43536353111267,0.581118643283844,0.899496078491211,0.257826387882233,-0.965480089187622,0.767926275730133,-0.134218830482507,-0.00281920207373801,-0.0335822325930116,0.0317417062423003,0.000825050294678862,-0.0307303653309699,0.3061021959764,0.041472408164769,-0.27354335639441,0.0921778546604431,-0.204271400820792,0.298851378804967,9.8557353992613e-05,-0.414560855429889
"Simulans 372",-97.2968,29.5963,1,2.86072421073914,-0.306908637285233,0.817433297634125,-0.0877662599086761,-0.219191253185272,-0.115037605166435,0.0272867925659901,0.0325889073040964,-0.425351818140697,0.116073682832101,0.0571670291189032,-0.029623385684344,0.144920483421993,0.0413567831871074,-0.2300738897781,0.0373860364479698,-0.386124666366808,0.0205193902983631,0.000513203847324288,0.305487309113252
"Simulans 373",-98.39357,29.587667,1,0.803170382976532,0.208603009581566,1.12313663959503,0.108767300844193,-1.3851398229599,-0.000507056422065943,-0.0120123403969461,0.00942685312826276,-0.000285149057463801,-0.140026462588398,0.0974552823617595,-0.0914395873481607,0.624111998941843,0.011625460354037,0.0310391403866646,-0.0312467583320194,0.258156961868701,-0.278413672058843,0.00188587002297964,-0.0604871281744491
