"","species","X","Y","presence","pca_1","pca_2","pca_3","pca_4","pca_5","pca_6","PCNM1","PCNM2","PCNM3","PCNM4","PCNM5","PCNM6","PCNM7","PCNM8","PCNM9","PCNM10","PCNM11","PCNM12","PCNM13","PCNM14","PCNM15","PCNM16"
"6","clarkii",-96.167446,30.572641,1,4.55539226531982,-0.556200265884399,-0.55152440071106,0.562845826148987,1.43084454536438,-0.10615561902523,0.013716870437645,0.315027111044442,-0.0229200956069656,0.0896175725448165,-0.0517438986668537,0.00534236989671143,0.0282118850396713,0.0654009617659285,0.143646653278027,-0.185766081339605,0.14783083590607,0.123479845696504,-0.0487201407189102,-0.0311677241702596,-0.025255533665117,0.0154959119641125
"9","clarkii",-96.221047,30.562103,1,4.16033983230591,-0.939098477363586,-0.247556567192078,0.467737555503845,0.53767192363739,-0.395700871944427,0.00900442574003153,0.321868558863934,0.0113837814072353,0.0848161176661202,-0.0647483110324091,-0.0673082312798062,0.00773252623673859,0.0583643141092309,-0.0053946626743051,-0.100899670044655,0.084479040838001,0.15370169227196,0.00439399617809004,-0.129184918642666,0.0254022308954611,-0.025746076363474
"12","clarkii",-96.2977,30.597747,1,3.86440086364746,-1.24983143806458,0.0933316573500633,0.370245277881622,-0.141990840435028,-0.313571989536285,0.000483797202113622,0.328126715612274,0.0185799592832043,0.0710686165564166,-0.0312403399193595,-0.120869111698415,-0.00593303193371076,0.0192458765123701,0.0309300699175729,0.00628983103356153,-0.0522305439968116,-0.00990966311991542,0.0629646216370235,-0.00819803631740674,-0.0153797768072577,0.0386371552456634
"13","clarkii",-96.324538,30.643055,1,3.89127802848816,-0.66450822353363,-0.0390774644911289,0.908861517906189,0.602839052677155,-0.38805827498436,0.000434285451369715,0.328159850542656,0.0185902313774402,0.0710822769167691,-0.0309353949289676,-0.120930644245356,-0.00572922965549566,0.0192664906689115,0.0313812760635393,0.00646383439190306,-0.052264435265205,-0.0105094350045064,0.0628431422901237,-0.00792710724385854,-0.0155364547215386,0.0385973904229154
"19","clarkii",-96.33684,30.609363,1,3.84717226028442,-1.20315289497375,0.152918294072151,0.524476766586304,-0.243592157959938,-0.302978307008743,0.00040151036534263,0.328204483783952,0.0187367632655436,0.0710478226784373,-0.0309271643937083,-0.121285503863532,-0.00581997912777952,0.0192013659280398,0.0308795241046834,0.00693044897439982,-0.0526761205765775,-0.0106306124431116,0.0631022870765552,-0.00811816429017988,-0.0153979744292687,0.0385115061557617
"20","clarkii",-96.339195,30.642278,1,3.87464380264282,-1.03463733196259,0.0995782539248466,0.457859605550766,-0.0576921738684177,-0.278900504112244,0.000403227534215032,0.328186928385228,0.0186598842188731,0.0710685411084626,-0.0308311241469699,-0.121110438321048,-0.00570415761389486,0.0192393524326531,0.031294636035504,0.0067389211554762,-0.052467020556454,-0.0107634676442347,0.0629230318482722,-0.00792731881572096,-0.0155232569476466,0.0385437561896004
"27","clarkii",-96.520794,30.640851,1,4.67838525772095,0.0448568090796471,0.421621531248093,-0.293023973703384,1.12859332561493,-0.0915102064609528,-0.0691506713762225,0.315407618662408,0.177165043243661,-0.110326856123037,0.0244130163020389,0.196855756009905,-0.132757636066435,0.205806821733877,-0.0188199593132678,-0.019145821459519,0.106339246697831,-0.101481717698624,-0.266779902585074,0.373593457633949,0.0332883291010538,-0.0776322794069508
"32","clarkii",-96.9557769999798,31.9023069991039,0,1.08632183074951,-0.77560430765152,-1.1515097618103,-0.152311503887177,2.03597640991211,-0.325829356908798,0.0186501741949484,0.173942293779342,-0.124647465916107,-0.0137676259507456,-0.0260152339992981,0.422588908685111,0.095812404390121,-0.445739172767582,-0.196148637670583,0.0492816723598772,-0.0627363262683594,0.0270651592519119,0.0470075601554507,0.0375449747210359,0.00366492874333754,-0.0291929300111069
"33","clarkii",-96.9781499999793,32.2165349990979,0,0.787581384181976,-1.44088125228882,-1.67586386203766,-0.598637044429779,0.822360754013062,-0.175051644444466,0.0281418419529096,0.172039577883671,-0.10420759649685,-0.015650779025459,-0.0744589793371162,0.346980318512317,0.0468461034448197,-0.444386776686665,-0.193800265578643,0.00152504207542138,-0.0924562977405346,0.128005897522714,0.128726625631702,-0.00606033944553406,-0.0230042464206641,0.0204104113654513
"42","clarkii",-97.13428,29.977513,1,2.84332776069641,-0.667693078517914,0.0196508448570967,-0.190735265612602,0.135076835751534,-0.280182272195816,-0.0848132288857687,0.102976175256188,0.232786258211196,-0.0238518377409781,-0.0571213593557052,-0.269415379215715,-0.0640525370284386,-0.0207658784688777,-0.342172640433022,0.174460069019288,-0.120333996857348,0.0528633306069682,0.0919594961247564,-0.145858235132381,0.0619116695934981,-0.0482095147937785
"50","clarkii",-97.20446,30.809778,1,2.09210824966431,-0.606759965419769,-0.0625530481338501,-0.374041765928268,0.749441385269165,-0.407419234514236,-0.164512777768156,0.157200847466564,0.056152059097399,0.108883077370333,0.219302164081744,-0.0811248734987148,0.218551634994894,0.0761635708052443,0.100449636296878,-0.033872489587291,0.151117267096462,0.0136618882550034,-0.0568602408084688,-0.192971032383762,0.00693217124035681,-0.0851801804659714
"60","clarkii",-97.432992,30.578995,1,1.08624994754791,-0.100211478769779,-0.553852438926697,-0.354317307472229,0.0752609148621559,-0.224136278033257,-0.153109531092166,0.0931186623320493,0.0471557838791419,-0.0673945275662835,0.142855442183744,-0.197265243867637,-0.0433482807213124,-0.112224275844521,0.083749372069748,0.219495071360971,-0.258593100477699,-0.285315121378949,0.101254775423299,0.18163668169177,-0.0501881593303225,0.0768615025417857
"61","clarkii",-97.441786,30.165072,1,2.24487805366516,-0.408915907144547,1.25779235363007,-0.731212735176086,0.593501508235931,-0.357101440429688,-0.0580414000181076,-0.0211240521218792,0.21787819979156,-0.0128337794829551,0.0930452007027432,0.136182217393771,-0.00514358719508332,0.0227504935692565,0.0215608110713971,0.0810878427129726,-0.0498945877165931,-0.100300694630157,0.058757215623015,-0.08494326820503,-0.105568162547429,0.0258865720436505
"67","clarkii",-97.474896,30.334348,1,1.94694268703461,0.333126485347748,0.734746098518372,0.125223070383072,1.09125125408173,-0.314598083496094,-0.0669629579583344,-0.0239127029368753,0.195978586734141,-0.0583225693263388,0.0020861008457655,0.10961486154366,0.0372246316715162,0.0269683966645729,0.0493034256506541,-0.0206367874914875,-0.030019725774653,0.0354478204265094,-0.0735496175399012,-0.0113588721310426,0.0368639557990412,-0.0862470530863322
"68","clarkii",-97.476335,30.267997,1,2.00755667686462,-0.406286925077438,0.960456252098083,-0.611168503761292,0.34425300359726,-0.281191319227219,-0.0553014323457691,-0.0248360275015071,0.199460109077164,-0.0312075196461505,0.0546162101297713,0.138058572282162,-0.0482664203188607,0.0383817270230067,0.061165033833011,-0.0298355067282265,0.0105200697788567,0.0265612589297908,0.0145818161782029,-0.0146803652054451,-0.0490253997402514,0.0408352855413568
"71","clarkii",-97.492861,31.002824,1,1.02887976169586,-0.489707499742508,-0.879889309406281,-0.565710544586182,0.628298878669739,0.856334090232849,-0.173228423093945,0.0293039028896854,-0.139435099458778,0.00916946127022633,0.209377150293287,0.28130702966213,0.151371468784141,-0.00385320969080022,-0.00538756624162122,0.0981234861934293,0.0560993341748973,-0.176159630152979,-0.140626959619664,0.0650106071760846,0.0325688036091032,-0.0584179276056396
"72","clarkii",-97.521646,30.33008,1,1.78515672683716,0.39400327205658,0.782390236854553,0.499534457921982,1.33208310604095,-0.330061227083206,-0.055925488761301,-0.0252030502849618,0.198339108231633,-0.0315543540186806,0.0546261163247613,0.137830411740371,-0.0467030906030355,0.0380708209169378,0.0639020823341181,-0.0311519798690266,0.0115690219543455,0.0259003257528511,0.0143870604799537,-0.0144182477572561,-0.0493273334697659,0.04001139364663
"74","clarkii",-97.528547,30.287437,1,2.07212042808533,0.214945957064629,0.558126032352448,-0.654658317565918,0.450843513011932,-0.241690114140511,-0.055268588504862,-0.0253749499720771,0.199058008021787,-0.0312737008325456,0.0541508714607521,0.137932125098547,-0.0477776516034758,0.0384442680391319,0.0629960540762326,-0.0310870491459178,0.0105669064715785,0.0271078669244995,0.0158807629477879,-0.0152315423339854,-0.0498415031150845,0.041398456937785
"84","clarkii",-97.601162,30.501395,1,0.794422209262848,-0.525674402713776,0.0680173486471176,0.0701516419649124,-0.951525151729584,-0.0818822383880615,-0.0934356487863793,-0.0228032826206545,0.0689251416980392,-0.0713861497925837,-0.110873418163039,0.0945321627191116,0.0225139398622301,0.141339710821091,-0.0333122423077934,-0.0126213458027092,-0.110844037329173,0.0361154798477312,-0.0164317963538381,0.0491505152488943,0.191421377138742,-0.156725136614095
"85","clarkii",-97.603265,30.529976,1,1.0845685005188,0.0304278004914522,-0.244696468114853,0.127521157264709,0.060393288731575,0.0244303178042173,-0.117907052263543,-0.015118262859907,0.0352562081571955,-0.132210299287892,-0.0740839606195466,0.0163319482625473,-0.0285905497172281,0.0578111326442136,-0.165569981561027,-0.0582114969973637,0.201586327343697,-0.124541605937569,0.0318484100907775,0.122991780025619,0.0233929330971593,-0.00269051518666417
"91","clarkii",-97.614927,30.556153,1,1.17549645900726,-0.216496184468269,-0.219824656844139,-0.337684482336044,-0.125967189669609,-0.125430792570114,-0.125224654386062,-0.0119153279720661,0.0256951420235414,-0.142592576931476,-0.0467906981522917,-0.011181530018193,-0.0678775246827146,0.0354884210825373,-0.252758328006388,0.00115949755100173,0.240786129380512,-0.104084549681819,-0.0472931403989488,0.0533113641226974,-0.0234546847459197,0.0349394509974021
"94","clarkii",-97.633126,30.401107,1,1.43656766414642,-0.0604990571737289,0.146283030509949,-0.267375558614731,-0.180406823754311,-0.0661433413624763,-0.0610424633732194,-0.0272827731813742,0.063976984286778,0.0213379690859412,-0.0234280174158577,0.123849053373638,-0.106686873838579,0.131513464530007,0.0231143469293236,0.0363998567744539,-0.0338326802921778,0.0596294178427473,-0.0840862012999019,0.132029224078383,-0.173879153493344,0.25351845130327
"100","clarkii",-97.650433,30.513093,1,1.14162373542786,-0.0413502529263496,-0.182226553559303,-0.0433120541274548,-0.139471650123596,-0.0582357086241245,-0.0933444652936951,-0.0231610796788502,0.0678362701384829,-0.0714016445807382,-0.111937170957196,0.0944142429561051,0.0226610393649595,0.141891041721243,-0.0321978929908506,-0.0136624351364074,-0.111404028101527,0.0369515325667622,-0.0148492414379312,0.0486903326276135,0.191045610309528,-0.156037617037807
"102","clarkii",-97.659172,30.655119,1,0.948161840438843,-0.134130135178566,-0.43347555398941,-0.206730902194977,-0.131178960204124,-0.0817131400108337,-0.151705769525917,-0.000601377431985375,-0.0403383040760743,-0.156806608786001,0.07749562439902,-0.0368225808997702,-0.132865873839333,-0.0654247273358836,0.0862729854321336,-0.033047168045924,0.0032383293220603,0.0249883726935977,-0.147193562484696,0.204709033274192,0.0622825389835321,-0.0832886467043488
"106","clarkii",-97.672071,30.171389,1,1.70689690113068,0.493901282548904,0.825612545013428,-0.506660521030426,0.371584087610245,0.156428948044777,0.00949087706743732,-0.0442911377236797,0.0874487748797805,0.0130566852735826,0.130817113646725,-0.0484392083276973,0.107395791443338,-0.104510303594679,-0.0207616600992468,-0.116631677980924,0.0125654596935649,-0.0384871869748847,-0.08496190498095,-0.0172410115132496,0.199152030772218,0.156186561266442
"110","clarkii",-97.672634,31.039674,1,0.520869672298431,-0.485747933387756,-0.329790860414505,-0.198128774762154,-0.252796173095703,-0.0625362545251846,-0.170457781585957,-0.00300692640760366,-0.150920656902081,0.0347912902406121,0.207982182388785,0.113582213531102,0.1631561110611,0.0818830461143498,0.0868758830243961,0.0843761096062936,0.0307450817767245,-0.132528363769869,-0.00916144025704017,-0.213083620886889,0.00133585521731952,0.0334128334580248
"113","clarkii",-97.673216,30.645978,1,0.915413498878479,-0.27598375082016,-0.224419057369232,-0.194894343614578,-0.260111510753632,0.127404943108559,-0.146123076548037,-0.00367750726130626,-0.0269253714937585,-0.167670247132775,0.051915978632268,-0.043202046742867,-0.143651121699274,-0.0735298657212507,0.00844709773600283,-0.0465240598673674,0.10426726251412,0.0817323631064537,-0.179065009200746,0.0333498607356188,-0.0270433444599733,-0.0281186546858196
"120","clarkii",-97.68824,30.400356,1,1.36164951324463,-0.177516013383865,0.213946610689163,-0.313051104545593,-0.230750426650047,-0.0570586994290352,-0.0352682157820468,-0.0502662797999864,0.0011578046368561,0.114032987576595,-0.00764913069138365,0.000545631564246535,-0.0676073138234142,-0.0235339963715157,0.0230491614508965,0.0571597599868178,0.0560167558903131,0.0204241364050729,0.0327095354245192,-0.00481768115584007,0.0401055496640697,-0.0118369501720114
"123","clarkii",-97.696111,30.65291,1,0.742999970912933,-0.408951222896576,-0.245189413428307,0.150187611579895,-0.623656511306763,0.152223080396652,-0.142306489687424,-0.0242475174092095,-0.0534794796468931,-0.145082655168498,0.0459218980184607,-0.0961341295320089,-0.100900338663499,-0.1454644177924,0.0169026732215165,-0.037564969112249,0.0480591315501135,0.140091699526808,-0.0241734061813542,-0.216424312873648,-0.0543814385120142,0.03779963793381
"124","clarkii",-97.701087,30.405751,1,1.36670899391174,-0.330458402633667,0.40873908996582,-0.256180882453918,-0.133857220411301,-0.104309298098087,-0.0352468467951325,-0.0503195492937949,0.000792476732140467,0.114096650504156,-0.00787095944018899,0.000521059836019146,-0.0676104840297835,-0.0233920140830269,0.0233995830755365,0.0569261535952027,0.0561327264148261,0.0204513731891647,0.0327128171820653,-0.00440270139258024,0.0400211072664326,-0.011809837916344
"127","clarkii",-97.706631,30.662391,1,0.744659781455994,-0.413686156272888,-0.258687704801559,0.176117613911629,-0.531133651733398,0.142965257167816,-0.142311116737747,-0.0242206154585668,-0.0538723181252111,-0.145032002192045,0.0457479367438843,-0.0959817555093296,-0.100882203136933,-0.145189164847896,0.0171022534560521,-0.0376957052859379,0.0480809846283769,0.14008144390426,-0.024120574858982,-0.216205294021454,-0.0544051458021401,0.0378820047407469
"132","clarkii",-97.709225,30.278105,1,1.66090416908264,-0.051912359893322,1.09208655357361,-0.369593858718872,-0.333830952644348,-0.103123255074024,-0.0257846860685175,-0.0509679612375869,0.0630395179821207,0.106967630034091,0.0260919200875388,-0.0220145318218281,-0.0365206869701633,-0.106424881242727,0.0674545608674393,0.0890853025751254,0.046624292459881,-0.0599102777648474,0.0361750491640683,0.0692422111585122,0.0146861603151682,-0.000874194460168907
"139","clarkii",-97.737917,30.42976,1,1.14462995529175,-0.452665746212006,0.210863828659058,0.156158849596977,-0.507932066917419,-0.118862271308899,-0.0353231007578428,-0.0504124403359672,-0.000495265153060126,0.114160381493791,-0.00850252339939382,0.000505954192047388,-0.0674516768161015,-0.0229384386439511,0.0245647111786514,0.056189180342716,0.0564611230594624,0.0204285880951933,0.0326601642355836,-0.00326262652826091,0.0397513140768221,-0.0117347703220424
"140","clarkii",-97.738428,30.298538,1,1.3545196056366,-0.274910986423492,1.03488409519196,-0.198445618152618,-0.759931445121765,-0.102282673120499,-0.0201198944168809,-0.0482117730093168,-0.0153587866346356,0.083088587447839,0.0353692655636875,-0.0189661759552631,-0.0383851041296131,0.00102547799863679,-0.0730809805915,-0.139102082582003,-0.0885530673088771,-0.0643505587209726,-0.0335438582719434,-0.0203131235930722,-0.0904495511449662,-0.0776296154386801
"141","clarkii",-97.740538,30.420542,1,1.031977891922,-0.377755165100098,0.186236634850502,0.130162462592125,-0.6888467669487,-0.148500576615334,-0.0351451104939957,-0.0504676610163112,-0.00028849500378934,0.114298232973274,-0.00855811147758188,0.000451537490237885,-0.0676447668218067,-0.0229792710729119,0.0244369277553744,0.0562111228655409,0.0564803229589009,0.0205575884891648,0.0327339920818145,-0.00312232467813893,0.0397608041838057,-0.0117204653344997
"146","clarkii",-97.747161,30.517894,1,0.915987849235535,-0.223528161644936,-0.213921755552292,0.00426045525819063,-0.505557715892792,-0.0303998216986656,-0.0690364323645986,-0.0476473814879692,0.00542333795396052,0.0282977383252818,-0.14365553100926,-0.0366631153678628,0.135385202815875,-0.0152371205357486,0.00427367168842297,0.0871219556437994,-0.100125598457755,0.068541541190232,-0.164378024253804,-0.0236170873641481,0.017395404799132,-0.0257152363701677
"147","clarkii",-97.748061,30.233656,1,1.10964059829712,-0.45221734046936,1.13947737216949,-0.0802192986011505,-1.022127866745,-0.05622773244977,0.00928887407212023,-0.0447592853807306,0.0858934292058374,0.0128500299990808,0.130639385099648,-0.0489866265738793,0.109203436492888,-0.104788244243687,-0.0177029757341427,-0.119120758047391,0.0137070471424951,-0.0394678256830763,-0.0862344517622298,-0.0152730597089942,0.198459083017263,0.15538085821629
"157","clarkii",-97.754622,30.4478,1,1.38008165359497,-0.0384445898234844,-0.312971621751785,-0.324492335319519,-0.117195688188076,-0.159318685531616,-0.0354730848702999,-0.0504056910344242,-0.00128011624179373,0.11409067456607,-0.00878508606073507,0.000544672331972759,-0.0672395855484237,-0.0226932012268077,0.0252277173633487,0.0557991335638291,0.0566070569572291,0.0203337738415713,0.0325844238653717,-0.00278687814147117,0.0396060470418318,-0.0117031849998925
"158","clarkii",-97.754657,30.408434,1,1.06572556495667,-0.544252097606659,0.229490756988525,0.11246170848608,-0.558453679084778,-0.0651295036077499,-0.0348139286662384,-0.0505884282714236,-0.000203319404259344,0.114576289313502,-0.00882281199984663,0.00034773556909878,-0.0679790040481987,-0.0229526764656381,0.0244708259493122,0.0560695901204092,0.0565948650922554,0.0208042271973742,0.0328645088944716,-0.00257118985044512,0.0397109700552632,-0.0116722637687844
"161","clarkii",-97.756112,30.510727,1,0.873694121837616,-0.299263030290604,-0.190462216734886,0.0496196113526821,-0.606737911701202,-0.0239425338804722,-0.0688840052650798,-0.0477355410277274,0.0054824285297538,0.0283630930146104,-0.144002387386391,-0.0367838845912342,0.135448627166901,-0.0151956763402725,0.00428129532476145,0.0870818353772129,-0.100267358376883,0.0687648901110066,-0.164571145019657,-0.023301562560556,0.017308188171646,-0.0256767641375111
"170","clarkii",-97.758963,30.417596,1,0.709826588630676,-0.712659418582916,0.20694038271904,0.277918070554733,-1.20299780368805,-0.0671249628067017,-0.0349291618853964,-0.0505695546488221,-0.000527902518358172,0.114505208290554,-0.00889069052939331,0.00037790952341778,-0.0678409919006464,-0.022857837248884,0.0247292980907149,0.0559395780562885,0.0566351839153196,0.0207256514302705,0.0328131285897269,-0.00247259860217245,0.0396623976522302,-0.0116684167667311
"175","clarkii",-97.76913,30.46377,1,1.10119831562042,-0.288715213537216,-0.250367045402527,-0.222941532731056,-0.307751536369324,-0.110262230038643,-0.0356054378806073,-0.0503875023429282,-0.00197351971904445,0.114019132079357,-0.00903216082209419,0.000586633022264852,-0.0670456781626548,-0.0224835600325947,0.0258071943300914,0.0554537679236287,0.0567302141703639,0.0202484590844625,0.0325157957153371,-0.00237704117362759,0.0394764422834422,-0.0116738139093203
"184","clarkii",-97.771453,30.213008,1,1.4704407453537,-0.0691160708665848,0.63362181186676,-0.388011157512665,-0.254206717014313,-0.0560413636267185,0.0233435427064815,-0.0400023679018361,0.068251696382896,-0.0472608223985304,0.14049704504292,-0.0468884508227532,0.140390807676658,-0.0623481795383298,0.014909852733796,0.0236595797454897,0.0682149232243209,0.0494851376265433,-0.00193122582459971,0.0194715557669006,-0.0411721312675768,-0.0944854254550196
"185","clarkii",-97.772443,30.305783,1,1.40800893306732,-0.346532940864563,1.0548928976059,-0.306340247392654,-0.543055713176727,-0.0778267234563828,-0.0199025702443668,-0.048354062845921,-0.0161935417565503,0.0832369250848872,0.0348934770913854,-0.0191043389391012,-0.0384288071733716,0.00141319964406909,-0.0725584490653725,-0.140231362866178,-0.0886614011994817,-0.06443436303245,-0.0336743656254067,-0.019228224363813,-0.091025428295698,-0.0777321072708134
"187","clarkii",-97.778589,30.378131,1,1.3596123456955,-0.272787988185883,0.546338796615601,-0.272928506135941,-0.427958846092224,-0.094236709177494,-0.034081201267828,-0.0508111248404165,0.000199549870345692,0.115150090339059,-0.0092860449342111,0.000139972283734657,-0.0687192309507044,-0.0229853844144304,0.0243350828888301,0.0558852529492858,0.0567768501751722,0.0213408951673893,0.0331536190101377,-0.0015871820173043,0.0396458578940203,-0.0115773629298293
"188","clarkii",-97.780564,30.262646,1,1.50928151607513,-0.206267118453979,1.13176202774048,-0.337610155344009,-0.105023503303528,-0.0608184188604355,-0.00561967402096881,-0.0443573720220997,-0.0304343292378798,0.0268296122489976,0.0659692600965072,-0.0281066974705872,0.0189519589758251,0.0237503889816396,-0.07691329585056,-0.100893091907226,-0.061206153932085,-0.00252021884069504,-0.0202590586361833,0.0149507377556746,0.205522374970412,0.245563176720188
"191","clarkii",-97.783429,30.504209,1,0.762300074100494,-0.298535913228989,-0.235153049230576,-0.0210418049246073,-0.69027042388916,-0.0170223712921143,-0.0582486300849839,-0.0490039016146125,0.0121212572384793,0.0554029118572908,-0.0961913099308062,-0.000735662988740702,0.0614001044039212,-0.000798120623823932,0.0338500769351925,0.0945568645251835,-0.0923799811958798,0.104719922571609,-0.1544525821253,-0.0530021604101569,-0.133098190707939,0.136961559584495
"194","clarkii",-97.783466,30.616513,1,0.744457423686981,-0.212956964969635,-0.473641842603683,-0.0732630118727684,-0.384441196918488,0.0555830039083958,-0.0986411640707681,-0.0420971100330706,0.0209655822502725,-0.0728778886899472,-0.130196909780093,0.0198599377002016,0.0995872391983954,0.0312384736123267,0.028585300107635,-0.112703289073202,0.00536969780442313,-0.0514126150424916,0.273159619168896,-0.114726422446548,-0.0165362006898225,0.0570780210630589
"195","clarkii",-97.785284,30.368109,1,1.29889953136444,0.106763333082199,0.521795928478241,-0.248299449682236,-0.17695926129818,-0.176397636532784,-0.0209079844408341,-0.0482680349764321,-0.0180207642854178,0.0827790250390964,0.0346076924332878,-0.0188567599110254,-0.0375050032779798,0.00190845248289526,-0.0707882301569399,-0.14018470543002,-0.0880283871637628,-0.0648205929623888,-0.033855766225431,-0.0190514891905301,-0.0908189527027118,-0.0775633656741624
"197","clarkii",-97.787835,30.465466,1,0.79816460609436,-0.0848856568336487,-0.254461348056793,0.0739569813013077,-0.881322145462036,-0.142863184213638,-0.0354618125823885,-0.0504584712430418,-0.00234825597948377,0.114164280446407,-0.00936722239571904,0.000542030930270592,-0.067152860211466,-0.0223346054329501,0.0261920568584381,0.0551414349865742,0.0568852756329569,0.0203636684363129,0.0325620890855543,-0.00174478960966308,0.0393614588022438,-0.0116225237847054
"204","clarkii",-97.800315,30.459147,1,0.956882178783417,-0.0810793712735176,-0.376911848783493,-0.0332618206739426,-0.542191863059998,-0.178629726171494,-0.035242061568296,-0.0505431534314648,-0.00239356268874703,0.114354814575816,-0.00959733033559285,0.00047328963102602,-0.067365269653918,-0.0222829978924547,0.0263060789185353,0.054985449618051,0.0569873209246905,0.0205293551172467,0.0326461349471648,-0.00128187354166652,0.0393052922739738,-0.0115830182089047
"207","clarkii",-97.802197,30.648986,1,0.664775669574738,-0.657297015190125,-0.157520577311516,0.00484897149726748,-0.333591252565384,-0.168807491660118,-0.098795037840944,-0.0418781218330789,0.0197016228056939,-0.0727331194831986,-0.130072730606605,0.0202254289428242,0.099399808443077,0.0315668905182943,0.0294785828239061,-0.112782465909911,0.00528180664674611,-0.0511529011867784,0.272531761131419,-0.114369083332169,-0.0165306196454484,0.0570662538879564
"208","clarkii",-97.810021,30.163144,1,1.381800532341,-0.00285757193341851,0.432415068149567,-0.297578424215317,-0.275636434555054,-0.076373964548111,0.0248404822591914,-0.0400165541225255,0.068142270530908,-0.0474824880209988,0.140059880128087,-0.0471582231864056,0.139820858950369,-0.0615354055734285,0.0140635282619057,0.0234090611114411,0.0678829858759858,0.0510238404093822,-0.000991912126808563,0.0214896872184699,-0.0417135527441216,-0.0938874350965824
"217","clarkii",-97.824777,30.697912,1,0.540147125720978,-0.29603186249733,-0.418006598949432,-0.0887262225151062,-0.433007270097733,0.104820147156715,-0.132917129625494,-0.0275974950210173,-0.0537071931127716,-0.108078180159972,0.0187453082158091,-0.035273958814532,-0.00958941337911643,-0.0975388867251107,0.304029052611532,-0.13164898989846,-0.187924813505909,0.0851086780424199,0.155791163050837,0.0413369362254928,0.112146622061029,-0.0894707491025249
"225","clarkii",-97.833434,30.54145,1,0.749335050582886,-0.358713418245316,-0.38395282626152,-0.0535154715180397,-0.584263563156128,-0.116589121520519,-0.0686866777427755,-0.047827469318295,0.00331107283602021,0.0285415678655637,-0.145436245639543,-0.0366887903427118,0.135545598706849,-0.0143647498288684,0.0063874097742107,0.0856765403084294,-0.0999384957857972,0.0691886134462306,-0.164805621489071,-0.0209991424973478,0.0159059693478347,-0.0245559428040743
"233","clarkii",-97.847862,30.463087,1,0.563289880752563,-0.46857762336731,-0.0325697809457779,0.595073878765106,-0.589708626270294,-0.175693109631538,-0.034860156533315,-0.0506862535290919,-0.00334904816799064,0.114702381429452,-0.0104567045095027,0.000382444763221518,-0.0676302293715596,-0.0219256968524776,0.0272700655444018,0.0541775077301905,0.0573683557361755,0.0208289526292975,0.0327639428433793,0.000321797981853031,0.0390044492412467,-0.011444524830439
"236","clarkii",-97.850159,30.169329,1,1.27729332447052,-0.224068611860275,0.397819668054581,-0.0380108840763569,-0.147834911942482,-0.126308619976044,0.0252687622864893,-0.0401312840249041,0.0674888608943679,-0.0476714372946449,0.139803928362736,-0.0473917021076861,0.140272051774137,-0.0613486904114701,0.014913279044436,0.0225395003150509,0.0682128676798029,0.051247274714594,-0.00106224080086598,0.0228782785141462,-0.0423449789233061,-0.0941694250750907
"238","clarkii",-97.861725,30.364408,1,0.970036327838898,-0.599773168563843,0.747883439064026,-0.0156947355717421,-0.773052573204041,-0.0611707381904125,-0.0200332485353868,-0.0485267105154513,-0.0194143669502723,0.083230728873431,0.0335286310945687,-0.0191881938441875,-0.0378962426872205,0.00259478789571312,-0.0701066765583176,-0.142811238476722,-0.0884494417328474,-0.0648330726160624,-0.0340724076899603,-0.0165421145895817,-0.0922048966187752,-0.0778026354534359
"239","clarkii",-97.870881,30.618306,1,0.460378915071487,-0.28504478931427,-0.582783341407776,0.0111137423664331,-0.664989173412323,-0.0123469838872552,-0.0780117186331955,-0.045805613009844,-0.0153732379836979,0.00425717225105226,-0.156030655872468,-0.0582866238764645,0.169373624254913,-0.0540794594304694,0.0567203928752465,-0.0210215527941168,0.0734678093437768,-0.0783116917721771,-0.0319583202402872,0.0637329835571048,-0.163455746548407,0.121858027289112
"246","clarkii",-97.874373,30.461557,1,0.205920457839966,-0.906919479370117,0.194876357913017,0.469282805919647,-1.5810694694519,-0.0184050090610981,-0.0216356520162422,-0.0481630218309376,-0.0221646184724912,0.0823742736485643,0.0331013256946411,-0.0186208980972946,-0.0363827986233415,0.00316860851693641,-0.0673580204020126,-0.142355697023576,-0.0873347803219536,-0.0653228876002922,-0.0342717524456073,-0.0165196305095228,-0.0916566071463825,-0.0774025578266264
"252","clarkii",-97.881837,30.197537,1,1.03290593624115,-0.198577865958214,-0.142329975962639,0.106607802212238,-0.607912719249725,-0.0299484245479107,0.0103805093897225,-0.0397102393250193,-0.0487602279391854,-0.033726421481834,0.0751715642181552,-0.0265061042493133,0.0500692097849682,0.0671272287473002,-0.0442800408231719,0.0408440020238115,-0.00663248834850208,0.0882359304233165,0.0649212460015937,0.0530608176068676,-0.0353932041496025,-0.00416515299049197
"255","clarkii",-97.891402,30.336324,1,1.13562560081482,-0.0153581341728568,0.604379415512085,-0.329945951700211,-0.328622609376907,-0.0647698789834976,0.00759035306872178,-0.039759271426041,-0.0520374089309211,-0.0334188975623475,0.0744157080027457,-0.0259462711090676,0.0511384201467291,0.067449293341421,-0.0409209198272675,0.0394222701934251,-0.00614966586719545,0.0855754284082282,0.0634293481241747,0.0520677894624193,-0.035547150722976,-0.00490197522886823
"256","clarkii",-97.894395,30.38357,1,0.791732788085938,-0.581832885742188,0.636504709720612,0.088403545320034,-0.680390179157257,-0.0551246106624603,-0.0200281861262942,-0.0485407224564163,-0.0205472460525266,0.0832209925117279,0.0330102903836819,-0.0191902242599621,-0.0377263349211802,0.00297938306709462,-0.0692525209244323,-0.14373827508854,-0.0883734014587223,-0.0649365318853572,-0.0341966368415867,-0.0155535651194122,-0.0926274223460031,-0.0778058079657005
"258","clarkii",-97.900596,29.939612,1,1.1644983291626,0.0568899624049664,0.260961949825287,0.565670728683472,-1.2142014503479,0.312546014785767,0.0706950532486407,-0.043896095177045,0.0903391034338455,-0.119586456947358,-0.0550634341161554,-0.0998203566381098,-0.094196037914723,-0.123873179165372,0.023613908945345,-0.00256378852346549,-0.0455776222756625,0.00575761274841647,0.0118082220681081,0.0344371929168355,-0.00878849011403439,-0.0154486698445434
"259","clarkii",-97.905075,30.22587,1,0.311806976795197,-0.573462784290314,0.0531646274030209,1.28948223590851,-0.986138701438904,-0.0831756144762039,0.010080933090877,-0.0397843341710956,-0.0499000369218533,-0.0337485118039125,0.0747901674849878,-0.0264971682045072,0.0503490810869349,0.0675126403525096,-0.0433249996360943,0.0401545355070528,-0.00649600933030347,0.0879449017339451,0.0647281968396612,0.0536735005741074,-0.0357458966531118,-0.00429688353605696
"260","clarkii",-97.906372,30.374383,1,0.88582307100296,-0.477245032787323,0.769291400909424,-0.0193011462688446,-0.584292352199554,-0.0628964677453041,-0.00635215790435263,-0.0445278723717202,-0.035693780693327,0.0266419931854829,0.0639476130375775,-0.0280588642731245,0.0200851684283497,0.0255488769787143,-0.0726814892806934,-0.104344686798037,-0.060611483413888,-0.00333436271370803,-0.0208997487820746,0.0185747695202723,0.203667245301048,0.245129432242282
"263","clarkii",-97.907862,30.352283,1,0.71527498960495,-0.612899363040924,0.618938446044922,0.166882917284966,-1.14200603961945,-0.0631536319851875,0.00746816612066044,-0.0397548563508819,-0.0527566524048461,-0.0334367409395735,0.0741267446950387,-0.0259123303521742,0.0512890285648134,0.0676589255136996,-0.0403312530780466,0.038949936000439,-0.00606699289964768,0.0854347375349958,0.0633248307281472,0.0525170172567161,-0.0357875411238927,-0.00496327542214745
"264","clarkii",-97.921352,30.644144,1,-0.00758819468319416,-0.671130239963531,-0.255822420120239,0.205405130982399,-1.24911248683929,0.000745709927286953,-0.0778542057438246,-0.0456728393267194,-0.0169642424444625,0.00439513212422738,-0.156746384201182,-0.0579493924548341,0.169184551305932,-0.0534587195942543,0.0580533729009951,-0.0217532295904833,0.0732966062619805,-0.077682323297259,-0.0322961671715806,0.0649274867005454,-0.163847420253034,0.122206371896405
"269","clarkii",-97.929895,30.481122,1,0.665107369422913,-0.403837263584137,-0.0700347870588303,-0.13351845741272,-0.606270313262939,-0.0254325214773417,-0.0213776451259749,-0.0481569151089239,-0.0237732216174072,0.0824396553856068,0.0322184421354911,-0.018645226257792,-0.0362868262618363,0.00370784248494621,-0.066230623074441,-0.143994773588098,-0.0873255571618709,-0.0653894289223972,-0.0344358895896869,-0.0147931343378608,-0.0924387624123917,-0.0774192933829038
"270","clarkii",-97.932525,29.880728,1,1.48967587947845,0.496649712324142,0.127343595027924,0.325882166624069,-1.01574051380157,0.00992065761238337,0.07208636035054,-0.0432707372810234,0.0896846953784475,-0.119634719122126,-0.0548565561562487,-0.0986346226828031,-0.0940884543625753,-0.122703522533028,0.023601843678909,-0.00174603251656057,-0.0449980838627672,0.00449560957239313,0.0111685956690226,0.0328038784203163,-0.00841030171655996,-0.0153442108175123
"277","clarkii",-97.9398449999775,30.1980459991386,0,0.355074733495712,-0.779178619384766,0.0312712416052818,0.718935966491699,-1.61527061462402,-0.0391864478588104,0.0111140350746827,-0.0397706839083495,-0.0500613064744091,-0.0339403159727223,0.0744720382654612,-0.0266985641034806,0.0502069659086762,0.0678818458437212,-0.0435149777842787,0.0397081296225078,-0.00652776110033438,0.0888794492798871,0.0651924227792891,0.0552293265748558,-0.0362510405217949,-0.00409672109239328
"280","clarkii",-97.964994,30.610686,1,-0.44619232416153,-0.928339421749115,-0.337897449731827,0.631107866764069,-1.64201927185059,-0.0252598877996206,-0.0657069713936249,-0.0464658758346622,-0.0346712793963708,0.0361518846088398,-0.124602277042099,-0.0853692149420818,0.125577305266097,-0.0857335352001598,0.0378025875494043,-0.0526780011585938,0.180841306136978,-0.151709309598773,0.0682174443955027,0.120035186676,0.0928656084628339,-0.151013886609383
"281","clarkii",-97.966872,29.5665,1,1.75170052051544,0.901807606220245,0.982960760593414,-0.216333985328674,-0.546396493911743,-0.106859751045704,0.160222164022628,-0.0233691837140929,0.108543193126257,0.118178431006645,0.0479403197797877,0.0843721814420872,-0.106486813331369,0.116009132569428,-0.111018353352644,0.21826774062975,-0.328090255418737,0.258518473261735,-0.229232063230996,-0.126417721231804,0.220176846226551,-0.173145464746626
"283","clarkii",-97.979438,30.360578,1,0.756980240345001,-0.240222007036209,0.0101561704650521,-0.139974221587181,-0.513561069965363,-0.0447083078324795,0.00821471935463134,-0.03977274205725,-0.054532380511973,-0.033672930031302,0.0731894347725559,-0.0260691232124473,0.0514992479159846,0.068539129686694,-0.03919989540678,0.0374602012310028,-0.00591235050634474,0.0860570008706779,0.0635598194063646,0.0550882262149261,-0.0368357555830546,-0.00491002930329295
"286","clarkii",-98.016396,30.127302,1,0.834202289581299,-0.449823528528214,-0.0663390606641769,0.324758857488632,-1.2685854434967,0.000611350755207241,0.0263765035475282,-0.0326408403974948,-0.0618446406249204,-0.0749637459522719,0.0261822001861196,0.00291194663235049,-0.0101843469640143,0.0567312442248732,0.0489368753858895,0.0833207335875954,0.00669954731876777,-0.125919873989179,-0.0431850537110415,-0.159524378044464,0.0293307693905434,-0.0210189383842997
"294","clarkii",-98.099063,29.69316,1,1.51846218109131,0.661388337612152,0.837600946426392,0.251047015190125,-0.811344802379608,1.31130003929138,0.124636439117748,-0.0412023062561538,0.112232572181762,0.0418941821665955,-0.142661004041593,0.0411049729164321,0.0783188837413701,0.104778203996631,-0.19842242750397,0.0326574589430993,0.0851906628391777,-0.107585910185928,0.0763564668786369,0.00940277306205976,0.0017635394244921,0.0252932615456387
"295","clarkii",-98.102257999977,30.0590279991416,0,0.355943769216537,-0.889956772327423,-0.217810869216919,0.77680104970932,-2.11746048927307,0.0380092263221741,0.0713928065505481,-0.0444681765712834,0.0864159630580699,-0.120947966316983,-0.0572576871417789,-0.101318168748061,-0.091668174085267,-0.124289019436706,0.0313680958081885,-0.00808269350784573,-0.0428528688472968,0.00359299261094632,0.00901280986287631,0.0385481529587625,-0.0114254292739268,-0.0186159334651255
"299","clarkii",-98.123774,30.188133,1,0.398242324590683,-0.480779707431793,-0.715957343578339,0.232979506254196,-1.20565688610077,0.0365966223180294,0.0265399556167351,-0.0325949738509265,-0.0656356173141588,-0.0753675416448815,0.0243053275392054,0.00305918805470332,-0.0097807852531485,0.0580131975483855,0.0521805429900348,0.0808250449606469,0.0071523799624357,-0.126913884146717,-0.0438592893216289,-0.157109590688645,0.0280514023004993,-0.0212664301321171
"306","clarkii",-98.126992,29.721555,1,1.36415123939514,0.535685479640961,0.713637709617615,0.356924414634705,-1.29888641834259,-0.00876960065215826,0.101069910463643,-0.0449016680755063,0.0921972623862593,-0.0519640099940955,-0.110044119837833,-0.0223716231796666,-0.0325315135941631,-0.0225642926996718,-0.179226822181458,-0.0272574514302116,0.191613802671467,0.0985058980679425,-0.0555630231795255,-0.256330957903537,-0.109480109885475,0.0650979863251992
"307","clarkii",-98.127814,29.707963,1,1.48356282711029,0.733731210231781,0.755118489265442,0.20234289765358,-1.0978981256485,0.0496388338506222,0.1248114416081,-0.041307641605275,0.111738372335941,0.0417763884290123,-0.142991376972628,0.0409201702246673,0.0787455698058519,0.104880200563945,-0.197512148774067,0.0320647666171597,0.0855878463849217,-0.108166994736671,0.0759886118833123,0.0100441985942252,0.00134381037602909,0.0249537272103178
"308","clarkii",-98.136878,29.712817,1,1.02212703227997,0.550483405590057,0.783852458000183,0.696088552474976,-1.91364133358002,-0.0193255785852671,0.124862783116902,-0.0413395216472612,0.111580242385801,0.0417407916313201,-0.143096683682168,0.0408620956850132,0.0788823168361514,0.104909637286059,-0.197223162602541,0.0318737871392268,0.0857132146527174,-0.108347746865288,0.075873412958811,0.0102511922357173,0.00120944281346832,0.0248462174136659
"309","clarkii",-98.144897,30.480842,1,0.473260164260864,0.0465635322034359,-0.0293483939021826,-0.587166011333466,0.530001938343048,-0.167842641472816,0.00786471409623008,-0.0391155740640171,-0.0609067606452965,-0.0338648752707363,0.0700624197883487,-0.0254110343882293,0.0525321434707427,0.069967964116717,-0.0341079661189977,0.0328476782960548,-0.00521775408418086,0.0852606777937083,0.0628079816677616,0.0597229351124749,-0.0391497242246248,-0.00520456250473668
"311","clarkii",-98.1476209999763,30.3209919991363,0,0.557092130184174,-0.181933805346489,-0.16693502664566,-0.339644372463226,-0.376428157091141,-0.0775438398122787,0.0112242946472961,-0.0395607001974497,-0.0574195083313037,-0.0343403454488125,0.071095520734702,-0.0264970545043833,0.0514781646635526,0.070280857340909,-0.037874100139294,0.0343926116583465,-0.00574729625280163,0.0886263769056603,0.0647090620853852,0.061605644686784,-0.0392578400484122,-0.00442482444011675
"312","clarkii",-98.1559039999764,30.2689789991373,0,-0.525363504886627,-0.922084391117096,-0.0866936594247818,0.971198678016663,-2.19073271751404,0.0222210623323917,0.0251964953431023,-0.0326255754500541,-0.0680811043195515,-0.0750899978873422,0.0237288007022294,0.00320498355903885,-0.00883634202159347,0.0585388018410067,0.0540596483845558,0.0792546813143364,0.0074187888046208,-0.127180655892304,-0.0441103625694076,-0.155716540170755,0.0272726682931169,-0.0215727391720047
"319","clarkii",-98.1727419999764,30.2353659991381,0,-0.982458353042603,-1.00043141841888,0.0694159716367722,2.48676085472107,-1.69020819664001,-0.0305615663528442,0.0351871875159618,-0.0427174484522404,-0.0759912524350764,-0.0977227905997582,-0.0272261887784374,0.0249607784601653,-0.0798562326066029,0.0319134033020568,0.0102739282539951,0.0958126095461672,-0.0723551256649478,-0.135086257588968,-0.011251161885602,-0.0269256158484104,0.0216851581794806,0.0504681380047112
"320","clarkii",-98.174144,30.430383,1,0.0608263947069645,-0.312725365161896,-0.322221159934998,-0.172040373086929,-0.284115940332413,-0.102506257593632,0.00929164942176172,-0.0392273231504119,-0.0604401148304739,-0.0341116407569614,0.0700081631688556,-0.0258015529402379,0.0522479059138991,0.0703750846617456,-0.0349181585821442,0.0327606452986912,-0.00533460356428903,0.0866241720744892,0.0635288526803161,0.0613528074353786,-0.0395935139749031,-0.00491364456693961
"323","clarkii",-98.18912,29.861325,1,0.564012229442596,-0.431588739156723,0.730719685554504,1.78349900245667,-1.2634471654892,0.479658752679825,0.0757598804044825,-0.0422590619810395,0.0844794014901983,-0.120901713969835,-0.0564227427415037,-0.0972125095534615,-0.0914324968518477,-0.120499274233986,0.0307111183022772,-0.0050691513272697,-0.0411665082145158,-0.00025806654364024,0.0071847272221253,0.0329584134500936,-0.0100156129682996,-0.0180040118410798
"324","clarkii",-98.200301,30.298237,1,0.279282957315445,-0.0884192734956741,-0.243014708161354,-0.264924556016922,-0.639950335025787,-0.144399955868721,0.0251709409662977,-0.0324595370482405,-0.0697318006147413,-0.0751720719851373,0.0228884989313739,0.00337241787910518,-0.00860823093549988,0.058927372580285,0.0554028252169629,0.0780714653067671,0.00760219195347211,-0.12744275789117,-0.0443322162304817,-0.154549463909948,0.0266837830348751,-0.0216473211795048
"326","clarkii",-98.237042,29.582645,1,1.10748314857483,0.525436043739319,1.59472489356995,-0.00596446124836802,-0.510592758655548,-0.185376793146133,0.18888430104281,-0.0170675874116856,0.0470844864847235,0.131042683931868,0.210204345967877,0.134891613039163,-0.229527485966867,0.0404860133695146,0.0671273002726691,0.0160033493920289,0.0152569744649884,0.0621604848037572,0.0180699724965497,-0.0457635647846275,-0.18400817739493,0.192105378796554
"328","clarkii",-98.241772,30.058905,1,0.31947660446167,-0.469526261091232,-0.105222247540951,0.757013380527496,-1.71378469467163,-0.0215661264955997,0.0656016981771931,-0.0435016845111614,0.0271797952709862,-0.116070587062753,-0.0882119714438639,-0.101489560657411,-0.147331145365712,-0.0771329499590609,0.0213562750678482,0.040573076553359,-0.125367005574361,-0.0435320830262254,0.0757261704308059,0.140889221643403,-0.0305184852163973,0.0810313012315067
"334","clarkii",-98.257263,29.555205,1,1.08677792549133,0.551743924617767,1.93279623985291,-0.120416536927223,-0.388705015182495,0.141143336892128,0.195841756652338,-0.0118109172751581,0.01614481985314,0.130530349385679,0.230813112401969,0.105702488614862,-0.260472867150802,0.0311538311110801,0.0311848464486342,-0.0196544596518982,0.0798581002925761,-0.0185918923881195,0.149259882635438,-0.00332091488513477,-0.105010235751171,0.148635642426672
"352","clarkii",-98.463186,31.045816,1,-2.16252589225769,-0.376381427049637,-0.600841462612152,-0.0479724630713463,-1.07861638069153,0.0185919646173716,-0.137796604998962,0.00399659885929571,-0.383588978205365,0.026471483810722,-0.129968730664108,-0.0039334072307778,-0.177305872103037,0.13159663811373,-0.032132445266673,0.104472514521767,-0.160195564436309,-0.0782854648910292,0.118823965982197,0.152687021408278,-0.0222296123826066,0.119663274295796
"354","clarkii",-98.470541,29.974307,1,0.0112544363364577,-0.221534594893456,-0.905896008014679,0.580900073051453,-1.77786231040955,0.0785417854785919,0.0901341372320233,-0.0537193155162544,0.0376487902751619,-0.103370555289177,-0.0787947440156795,0.0264967045680318,-0.0533345896133258,-0.0741073457883765,0.149904571002783,-0.20008274265269,0.160402494383072,0.12809883789564,-0.106907484994357,0.0119580500080511,-0.0220291810134794,-0.0460774652429903
"355","clarkii",-98.4856,29.8587,1,0.301083445549011,-0.436897546052933,0.127103954553604,0.668049931526184,-2.00343227386475,0.0772978067398071,0.144354187233556,-0.0453417474927274,0.0616482673789799,0.100460395894206,-0.10490821655628,0.108787588001968,0.133891851117959,0.0784614967042546,0.142359521623621,-0.0301838565266864,-0.0818239517739994,-0.0131795434069763,0.0275554112472511,-0.00580783937177319,-0.0528016832116633,0.0334466753348612
"359","clarkii",-98.485791,31.052093,1,-1.87433195114136,-0.45755523443222,-0.562516152858734,-0.287743628025055,-0.737825393676758,0.0566695965826511,-0.131294204138219,0.0043406222325501,-0.40341539343283,0.0420184011439442,-0.148626917081878,0.0822705622991471,-0.103808573966726,0.234920950494032,-0.106954699122394,-0.0650782633213263,0.0179265228523185,0.143815960948802,-0.00440373229420338,-0.109058224773609,0.0314399645554852,-0.0127647509868508
"361","clarkii",-98.485962,29.875987,1,0.730981588363647,-0.321411222219467,0.187217846512794,0.184809759259224,-1.06521248817444,0.922125279903412,0.130434477181844,-0.048308820116513,0.0589983755554637,0.051446099070275,-0.117930389142042,0.103584032779927,0.121959444388803,0.0645909503053218,0.202846144040418,-0.122659791545708,-0.0748214891922523,-0.0355179839807082,0.136457916570152,0.104370844083146,0.0575271537468036,-0.0445573249445659
"362","clarkii",-98.49717,29.874178,1,0.507766962051392,-0.392516046762466,0.172896280884743,0.53896951675415,-1.13800311088562,0.27341815829277,0.136984501141674,-0.0471734963781077,0.0535761200899531,0.0783551631110562,-0.100814922454755,0.0991280287813834,0.13109946904834,0.0442653217333767,0.274808989397215,-0.0943763865751454,-0.181029471351607,0.0353390779962832,0.117753464606349,0.022150204467541,0.0383627507649957,-0.0423515660293948
"368","clarkii",-98.579931,29.762793,1,0.215186193585396,-0.50718754529953,0.20753288269043,0.638809263706207,-1.99510395526886,0.019853513687849,0.208584252604713,-0.00675708120086593,-0.121764601039071,0.153757277384391,0.14627144087893,-0.0997356242235642,-0.136242824875763,-0.0920222491983343,-0.0472175163244203,-0.0621219631891071,0.203112722121971,-0.130137583667643,0.173819822930358,0.0795344816800907,0.316393015003308,-0.324250147031268
"371","clarkii",-98.608154,29.576323,1,0.771245718002319,0.22388331592083,1.54831790924072,0.114275969564915,-0.793786287307739,-0.071331687271595,0.244080485359311,0.0625771354182927,-0.103322972253201,-0.276320675944122,0.134485831646864,-0.0326962606845004,0.179547512038201,0.0642502525711354,-0.0076126934222167,0.082106494211903,0.0528418463881323,0.107723448195772,0.0229706187555533,0.0504225316517608,0.363799153697575,0.382175611318759
"372","clarkii",-98.609597,30.238628,1,-1.19954872131348,-0.197596311569214,-0.178253412246704,1.28450608253479,-1.22787225246429,0.0536925457417965,0.0750858720346618,-0.0515430134100157,-0.115719981691211,-0.0864580108321688,-0.169158437002666,0.0080939485758865,-0.141480822721117,0.0460459160610067,0.0828467404350299,-0.226015007308372,0.110560755981544,0.225630765936705,-0.0732627564932832,0.10355120036785,0.0691850154438767,0.0203364013644448
"379","clarkii",-98.643269,29.899265,1,0.00433039292693138,-0.515909612178802,0.244262993335724,0.562707304954529,-1.49074625968933,0.604744374752045,0.181462221344245,-0.0275861540726484,-0.114553573839459,0.190478322794981,-0.054134805906199,-0.129293601337329,0.0909961902748564,-0.100377903195741,0.0354182396747359,0.10518696348333,0.0557905552920662,-0.00726165773351818,-0.288451890555782,0.176153963708834,-0.160338459226674,0.14483148792483
"383","clarkii",-98.658055,29.896054,1,-0.109680868685246,-0.530345976352692,0.401319980621338,0.729455173015594,-1.4928822517395,0.902690887451172,0.184828211813175,-0.0255949517611234,-0.123971940750454,0.185586436597953,-0.0487874907038608,-0.162143442317815,0.125269753790676,-0.146230846654934,0.0256380366677513,0.0873006362813588,0.0736669574608404,-0.0415755913539641,-0.239589868250683,0.087778139002772,-0.0187325001034353,-0.0693510171780389
"384","clarkii",-98.676719,29.616097,1,0.0697433799505234,0.0729100853204727,0.665296614170074,0.392824977636337,-1.9598171710968,-0.030089657753706,0.243585073144648,0.0742422207353282,-0.11964243761545,-0.292619109675356,0.0435524491028529,0.00852109919706516,0.0971310885190086,0.120149019612241,0.0755919101226182,0.294987764127445,0.103454451338711,0.154677749896743,0.145039704650386,0.0503899198447221,-0.293965692162074,-0.296310603374438
"388","clarkii",-98.738086,29.795592,1,-0.298664927482605,-0.496131330728531,-0.130289673805237,0.545693337917328,-2.02631139755249,0.0794291347265244,0.236070772955665,0.0400973900939796,-0.125357588423264,-0.158561536069422,0.190427513424464,-0.070522463949359,0.0973452835325435,0.0711013963922564,-0.218522647664404,-0.40373310383733,-0.274157433477602,-0.151108666407948,-0.115819038131449,-0.0265538682905983,-0.160031613697563,-0.078115833887684
"396","clarkii",-98.9400244599742,29.5484899791532,0,-0.472782820463181,0.439580172300339,1.43712675571442,0.859338283538818,-2.39147114753723,0.0605068020522594,0.232619702552698,0.106504554384515,-0.0791659047723646,-0.197414075970618,-0.205123374721737,0.111357848027342,-0.18522940481205,-0.0335498846073975,0.213515482972752,0.0916237850442164,0.0251774862174267,-0.379063924509355,-0.188565273134588,-0.325834128851866,0.0816240261418046,-0.0205994814757348
